candidate_id,model_name,model_family,paper_title,year,first_author,doi,paper_url,code_url,checkpoint_url,model_card_url,license,access_status,generative_or_not,generation_direction,base_architecture,molecular_representation,tokenizer_type,reported_parameter_count,reported_pretraining_corpus,estimated_pretraining_scale,fine_tuning_support,conditional_generation_support,known_target_conditioning_support,reported_max_sequence_length,released_checkpoint_context_length,configurable_context_length,evidence_for_512_tokens,long_smiles_handling,likely_saponin_compatibility_at_512,long_sequence_risk,preserves_isomeric_smiles,tetrahedral_stereo_support,ez_stereo_support,sugar_stereo_support,stereochemistry_removed_in_preprocessing,stereochemistry_validation_method,stereo_related_failure_modes,stereo_suitability_rating,natural_product_pretraining,triterpenoid_relevance,glycoside_relevance,likely_aglycone_learning,likely_sugar_linkage_learning,need_for_saponin_specific_finetuning,saponin_suitability_rating,code_reproducibility_rating,checkpoint_availability_rating,data_license_clarity,hardware_requirement,compatibility_with_existing_project,implementation_complexity,expected_risk,final_status,exact_quote_or_precise_paraphrase,evidence_location,source_type,source_url,access_date,confidence,notes_and_caveats
C01,REINVENT4 - Reinvent (de novo RNN generator),REINVENT,REINVENT 4: Modern AI-driven generative molecule design,2024,"Loeffler, H.H. et al.",NEEDS_LOCAL_VERIFICATION,https://link.springer.com/article/10.1186/s13321-024-00812-5 (EGRESS_BLOCKED this session),https://github.com/MolecularAI/REINVENT4,Zenodo (linked from README; zenodo.org EGRESS_BLOCKED this session),NOT_FOUND,Apache-2.0 (per repo topic tags observed via WebSearch; NEEDS_LOCAL_VERIFICATION against LICENSE file),OPEN_CODE; paper PAYWALLED_OR_BLOCKED_NO_LEGAL_FULLTEXT_READ_THIS_SESSION,yes,"autoregressive (RNN) + encoder-decoder (transformer, see Mol2Mol C02)",Multi-layer GRU RNN (SMILES LM); REINVENT4 unifies this with transformer generators in one framework,SMILES (canonical/randomized per config),"character/regex SMILES tokenizer (RDKit-based, INFERRED_FROM_CODE)",NOT_REPORTED,"PubChem-derived prior ('reinvent_pubchem.prior', per this repo's own priors/README.md)",millions of PubChem SMILES (exact N not verified this session),"yes - core 'transfer_learning' run_type, this repo's primary workflow","limited for Reinvent generator (mainly via RL scoring, not built-in conditioning)","via reinforcement learning scoring functions, not native token-level conditioning",NOT_REPORTED,NOT_REPORTED,NEEDS_LOCAL_VERIFICATION,none found this session,NOT_REPORTED,UNKNOWN - not benchmarked on long saponin SMILES; this repo's own 46k saponin TL run used it successfully with default configs (see reports/46k_prior_epoch_comparison.md),RNNs degrade gracefully but lose long-range fidelity on very long SMILES vs short ones; no hard token ceiling reported,configurable via 'isomeric_smiles' sampling parameter (confirmed INFERRED_FROM_CODE: this repo's own configs/sampling/sampling_tl_epoch4.toml sets isomeric_smiles=false),representation-level only (RNN emits @/@@ tokens like any character); not learned via an explicit stereo objective,"representation-level only (/, \ tokens)",representation-level only; not evaluated for saponins in the literature found,"NO by default in this project's own configs (isomeric_smiles=false in sampling means OUTPUT is de-isomerized for reporting, but training data in data/*.smi should be checked - NEEDS_LOCAL_VERIFICATION)",none built in; must be added downstream via RDKit,"can emit syntactically valid but chemically nonsensical stereo (e.g. stereocenters on non-stereogenic atoms) - not specific evidence found this session, general SMILES-LM risk","medium (representation supports it, no dedicated validation/training signal)","no (base prior is PubChem, general chemical space)",HIGH for this project specifically - this repo's own 46k-molecule TL run IS a triterpenoid saponin fine-tune of this generator,"inherited only through this project's own fine-tuning data, not from the base prior","yes, demonstrated by this repo's own epoch-comparison report (reports/46k_prior_epoch_comparison.md: NumRings~5, FracSp3~0.84 matching pentacyclic triterpenoid cores)",not separately evaluated in this repo's existing reports (no sugar-count/glycosidic-linkage metric currently computed),already in progress in this repository,HIGH (already validated in-repo),"high (actively maintained MolecularAI repo, this project already depends on it)","high (4 project-trained epoch checkpoints already in priors/, plus public PubChem prior on Zenodo)",Apache-2.0 code; PubChem prior license NEEDS_LOCAL_VERIFICATION,CPU-feasible for TL at this scale per this repo's own reports (~6-7 min/10k samples on CPU),COMPLETE - this IS the project's current pipeline,none additional (already implemented),"low for continuing current line; risk is in stereochemistry/glycosylation fidelity, not integration",PRIMARY_CANDIDATE (retain as main line),This repository's own priors/README.md: 'Four epoch checkpoints (23 MB each) from the 46k 4-epoch x 4-block regularized transfer learning pipeline... Use these with REINVENT4's sampling or as starting points for RL (DAP).',"priors/README.md, reports/46k_prior_epoch_comparison.md, configs/tl/tl_46k_reg.toml (this repository)",primary_repo_artifact,https://github.com/MolecularAI/REINVENT4,2026-08-18,high,"Paper full text blocked by network egress policy this session; architecture/parameter claims for the Reinvent RNN specifically (vs Mol2Mol transformer) are best-effort from WebSearch synthesis, not verified against source code line-by-line this session."
C02,"REINVENT4 - Mol2Mol (transformer, similarity-conditioned)",REINVENT,REINVENT 4: Modern AI-driven generative molecule design,2024,"Loeffler, H.H. et al.",NEEDS_LOCAL_VERIFICATION,https://link.springer.com/article/10.1186/s13321-024-00812-5 (EGRESS_BLOCKED this session),https://github.com/MolecularAI/REINVENT4/tree/main/reinvent/models/transformer/mol2mol,Zenodo (blocked this session),NOT_FOUND,Apache-2.0 (NEEDS_LOCAL_VERIFICATION),OPEN_CODE; paper blocked,yes,"encoder-decoder (transformer, seq2seq analogue generation)",Transformer encoder-decoder,SMILES pairs (input molecule -> similar output molecule),SMILES tokenizer (INFERRED_FROM_CODE),NOT_REPORTED,"WebSearch synthesis: 'prior was trained on over 200 billion pairs from PubChem for which their Tanimoto similarity, calculated with ECFP4 count fingerprints, was >= 0.50' (paraphrase of a secondary summary, not independently verified against primary paper this session)",>200 billion molecule PAIRS (per above secondary source),yes,yes - natively conditioned on an input seed molecule + similarity threshold,"via seed-molecule analogue generation, not explicit protein-target conditioning",NOT_REPORTED,NOT_REPORTED,NEEDS_LOCAL_VERIFICATION,none found this session,NOT_REPORTED,UNKNOWN - not benchmarked on saponins,transformer self-attention cost grows quadratically with sequence length; large saponins may be more expensive per-sample than for the RNN generator (C01),NEEDS_LOCAL_VERIFICATION,representation-level only,representation-level only,not evaluated,NEEDS_LOCAL_VERIFICATION,none built in,NOT_REPORTED,medium (same representation ceiling as C01),no (PubChem-derived pairs),"low-medium (usable as an analogue generator around this project's own generated saponins for local chemical-space exploration, not yet used in this repo)",untested,untested for this project,untested,would need saponin-similarity pairs constructed from this project's own 46k dataset,"medium (interesting for lead-optimization module, not core generator)",high (same repo as C01),medium (public prior exists but not yet used in this project),NEEDS_LOCAL_VERIFICATION,higher than RNN for equivalent throughput (transformer),high (same framework already installed for C01),low-medium (requires building similarity-pair training data),low-medium,RUNNER_UP,"WebSearch-derived paraphrase: Mol2Mol 'performs conditional generation, accepting input SMILES strings and generating structurally similar molecules within user-defined similarity constraints.'",WebSearch synthesis of REINVENT4 documentation/paper,search_engine_synthesis,https://github.com/MolecularAI/REINVENT4,2026-08-18,medium,Best positioned as the project's future 'lead optimization platform' module (module 5 in project scope) rather than the primary de novo generator.
C03,REINVENT (v1) - Molecular De-Novo Design through Deep RL,REINVENT,Molecular de-novo design through deep reinforcement learning,2017,"Olivecrona, M.",NEEDS_LOCAL_VERIFICATION,https://arxiv.org/abs/1704.07555 (EGRESS_BLOCKED this session); https://pubmed.ncbi.nlm.nih.gov/29086083/,https://github.com/MarcusOlivecrona/REINVENT,NOT_FOUND,NOT_FOUND,NEEDS_LOCAL_VERIFICATION,paper is OPEN_ACCESS (arXiv + J Cheminform) but EGRESS_BLOCKED_THIS_SESSION; code open on GitHub,yes,autoregressive (RNN),GRU-based RNN prior + RL agent copy,SMILES,character-level SMILES vocabulary (INFERRED_FROM_CODE),NOT_REPORTED,"ChEMBL-derived drug-like SMILES (WebSearch paraphrase, not independently verified this session)",NOT_REPORTED,foundational method for augmented-likelihood RL fine-tuning of a prior,"via scoring-function-guided RL, not native token conditioning",demonstrated for Celecoxib analogue generation and sulphur-avoidance tasks (WebSearch paraphrase),NOT_REPORTED,NOT_REPORTED,NEEDS_LOCAL_VERIFICATION,none found,NOT_REPORTED,NOT_REPORTED,predates any long-SMILES-specific analysis found this session,NEEDS_LOCAL_VERIFICATION,representation-level only,representation-level only,not evaluated,NEEDS_LOCAL_VERIFICATION,none built in,NOT_REPORTED,medium,no,foundational only (conceptual ancestor of REINVENT4/this project's pipeline),none,NOT_REPORTED,NOT_REPORTED,superseded by REINVENT4 (C01) for this project,"low (historical/foundational, not the maintained codebase)",medium (unmaintained legacy repo vs actively maintained REINVENT4),low,NEEDS_LOCAL_VERIFICATION,low (small RNN),superseded by REINVENT4 already in use,n/a (not recommended over C01),n/a,NOT_RECOMMENDED,WebSearch paraphrase: 'a method to tune a sequence-based generative model for molecular de novo design that through augmented episodic likelihood can learn to generate structures with certain specified desirable properties.',WebSearch synthesis,search_engine_synthesis,https://arxiv.org/abs/1704.07555,2026-08-18,medium,"Included for completeness/lineage; REINVENT4 (C01) is the direct, maintained successor already adopted by this project. Not recommended as a fresh starting point."
C04,Focused-library RNN (Segler et al.),RNN transfer-learning (pre-REINVENT lineage),Generating focused molecule libraries for drug discovery with recurrent neural networks,2018,"Segler, M.H.S.",NEEDS_LOCAL_VERIFICATION,https://arxiv.org/abs/1701.01329 (EGRESS_BLOCKED this session); https://pubmed.ncbi.nlm.nih.gov/29392184/,NOT_FOUND,NOT_FOUND,NOT_FOUND,NOT_REPORTED,paper OPEN via arXiv preprint but EGRESS_BLOCKED_THIS_SESSION,yes,"autoregressive (RNN, LSTM-style language model)",stacked LSTM SMILES LM,SMILES,character-level (WebSearch paraphrase),NOT_REPORTED,"large general SMILES corpus, then fine-tuned on small target-specific sets (WebSearch paraphrase)",NOT_REPORTED,THE foundational demonstration of prior-then-fine-tune for focused chemical libraries; direct conceptual basis for this project's tl_46k_reg.toml workflow,"no (fine-tuning-only conditioning, no token-level conditioning)",fine-tuned on S. aureus and P. falciparum actives (WebSearch paraphrase: reproduced 14% and 28% of held-out actives respectively),NOT_REPORTED,NOT_FOUND,NOT_REPORTED,none found,NOT_REPORTED,NOT_REPORTED,NOT_REPORTED,NEEDS_LOCAL_VERIFICATION,representation-level only,representation-level only,not evaluated,NEEDS_LOCAL_VERIFICATION,none built in,NOT_REPORTED,medium,no,"conceptual only (method, not a checkpoint)",none,NOT_REPORTED,NOT_REPORTED,method already implemented via REINVENT4 in this project,low (no released model/code found this session; historical methodology reference),low (no code URL found this session),none found,NOT_REPORTED,NOT_REPORTED,conceptual precedent only,NOT_REPORTED,NOT_REPORTED,NOT_RECOMMENDED,WebSearch paraphrase: 'the authors proposed to fine-tune the model with small sets of molecules which are known to be active against that target.',WebSearch synthesis,search_engine_synthesis,https://arxiv.org/abs/1701.01329,2026-08-18,medium,"Historically important as the methodological ancestor of this project's own regularized-TL approach; no checkpoint to fine-tune directly, so not actionable as a candidate."
C05,Low-data generative transfer learning (Moret/Grisoni/Schneider),RNN transfer-learning (natural-product transfer),Generative molecular design in low data regimes,2020,"Moret, M.",NEEDS_LOCAL_VERIFICATION,https://www.nature.com/articles/s42256-020-0160-y (EGRESS_BLOCKED this session),https://github.com/ETHmodlab/virtual_libraries,NOT_FOUND,NOT_FOUND,NEEDS_LOCAL_VERIFICATION,code OPEN on GitHub; paper PAYWALLED_OR_BLOCKED_NO_LEGAL_FULLTEXT_READ_THIS_SESSION,yes,autoregressive (RNN),LSTM SMILES LM (WebSearch paraphrase),SMILES with data-augmentation via multiple representations of the same molecule,character-level (WebSearch paraphrase),NOT_REPORTED,ChEMBL24 (source space),NOT_REPORTED,core contribution: transfer learning from ChEMBL24 to MEGx natural-product space in a LOW-DATA regime,no,"natural-product-space transfer, directly analogous to this project's saponin-focused transfer",NOT_REPORTED,NOT_FOUND,NOT_REPORTED,none found,NOT_REPORTED,NOT_REPORTED,NOT_REPORTED,NEEDS_LOCAL_VERIFICATION,representation-level only,representation-level only,not evaluated,NEEDS_LOCAL_VERIFICATION,none built in,NOT_REPORTED,medium,"target-space is MEGx natural products (transferred INTO, not pretrained ON)","medium (methodology directly relevant: source-to-target chemical space transfer under data scarcity, same problem shape as PubChem->saponin)",not specific to glycosides,NOT_REPORTED,NOT_REPORTED,method transferable; no ready checkpoint found this session,"medium (strong methodological reference, not a plug-in checkpoint)","medium (repo exists, age/maintenance NEEDS_LOCAL_VERIFICATION)",NEEDS_LOCAL_VERIFICATION,NEEDS_LOCAL_VERIFICATION,"low (small RNN, as used circa 2020)",methodologically compatible (same TL pattern this project already uses),low if reused only as a methodological reference,low,RUNNER_UP,WebSearch paraphrase: demonstrated 'transfer learning by tracking how generated molecules evolved during transfer learning with respect to the source space (ChEMBL24) and target space (MEGx natural products)' using 'data augmentation by using multiple representations of the same entity.',WebSearch synthesis,search_engine_synthesis,https://www.nature.com/articles/s42256-020-0160-y,2026-08-18,medium,"Strongest EVIDENCE that PubChem/ChEMBL-to-natural-product transfer learning works in low-data regimes, directly validating this project's overall strategy, even though it does not target saponins specifically."
C06,NPGPT,Natural-product GPT fine-tune,NPGPT: Natural Product-Like Compound Generation with GPT-based Chemical Language Models,2024/2025,"Sakano, K.",NEEDS_LOCAL_VERIFICATION,https://arxiv.org/abs/2411.12886 (EGRESS_BLOCKED this session),https://github.com/ohuelab/npgpt,Google Drive links referenced in repo README (per WebFetch of raw README this session),NOT_FOUND,NOT_REPORTED (README fetched this session did not state a license),OPEN_CODE (README directly read via WebFetch this session); paper blocked,yes,autoregressive (decoder-only causal LM),Two variants: fine-tuned from smiles-gpt (GPT-2 style) and fine-tuned from ChemGPT (GPT-Neo/SELFIES),SMILES (smiles-gpt variant) or SELFIES (ChemGPT variant) - not explicitly stated as isomeric/canonical/randomized in README read this session,"inherits parent model's tokenizer (BPE-style for smiles-gpt, SELFIES tokens for ChemGPT variant)",inherits parent sizes (see C09/C10),"COCONUT natural product library, converted to SMILES","COCONUT ~400K+ natural products (per related '67M' paper's stated COCONUT baseline, see C15)",yes - this IS a fine-tune of C09/C10 onto COCONUT,NOT_REPORTED,no,NOT_REPORTED (not stated in README read this session),"inherits parent (GPT-2 default 1024 for smiles-gpt variant, NEEDS_LOCAL_VERIFICATION)",NEEDS_LOCAL_VERIFICATION,none found this session,NOT_REPORTED,"UNKNOWN - COCONUT includes many large/complex NPs including saponins, so training DISTRIBUTION likely includes some long molecules, but no explicit length analysis found","unassessed this session; would need direct inspection of tokenizer + max_position_embeddings, which requires cloning the repo (out of scope: no training/cloning performed per task constraints)",NOT_STATED in README read this session,"representation-dependent, unconfirmed","representation-dependent, unconfirmed",unconfirmed,NOT_REPORTED (README gave no preprocessing detail),none reported,NOT_REPORTED,low-medium (unverified; closest thing to a natural-product generator but stereochemistry pipeline undocumented),YES - explicitly fine-tuned on COCONUT natural products,medium (COCONUT contains triterpenoids among many other NP classes; no triterpenoid-specific evaluation found),medium (COCONUT contains glycosides; no glycoside-specific evaluation found),plausible but unverified,plausible but unverified,"still required - NPGPT targets all of COCONUT, not saponins specifically",medium (closest 'natural product generator' identified; would need saponin-specific further fine-tuning + stereo audit),medium (GitHub repo + Colab notebook exist per WebSearch; not independently run this session),"medium (Google Drive links, not a standard model hub - less durable than HuggingFace)",COCONUT license NEEDS_LOCAL_VERIFICATION,depends on parent model size (4.7M-1.2B params if ChemGPT variant),"medium - different framework (HuggingFace transformers) than this project's current REINVENT4 pipeline; would be a parallel/alternative line, not a drop-in replacement","medium (new training/inference stack, new tokenizer, new eval harness needed)",medium (unverified stereochemistry handling; Google Drive checkpoint durability; no license confirmed),RUNNER_UP,"Repository README (fetched via raw.githubusercontent.com this session): 'Fine-tuned models trained on the COCONUT dataset are available, with two models fine-tuned from two different pre-trained models: smiles-gpt and ChemGPT.'",https://github.com/ohuelab/npgpt README.md,primary_repo_readme_fetched,https://github.com/ohuelab/npgpt,2026-08-18,high,"Already explicitly named as 'under consideration' in the current project scope. This is the single closest published candidate to a natural-product generator, but is NOT saponin-specific and has undocumented stereochemistry handling - both must be verified locally (clone + inspect) before adoption, which was out of scope for this cloud-only research session."
C07,LSTM COCONUT-trained NP-like generator ('67M' library),Natural-product RNN generator,67 million natural product-like compound database generated via molecular language processing,2023,"Chen et al. (A*STAR; WebSearch attribution, NEEDS_LOCAL_VERIFICATION for exact author list)",NEEDS_LOCAL_VERIFICATION,https://www.nature.com/articles/s41597-023-02207-x (EGRESS_BLOCKED this session),NOT_FOUND this session,"NOT_FOUND this session (67M-compound OUTPUT library referenced, not necessarily the trained model weights)",NOT_FOUND,NOT_REPORTED,paper OPEN_ACCESS (Scientific Data) but EGRESS_BLOCKED_THIS_SESSION; no code/checkpoint URL located,yes,autoregressive (RNN/LSTM),SMILES-based LSTM,SMILES with STEREOCHEMISTRY EXPLICITLY REMOVED before training,character/token-level SMILES vocabulary (WebSearch paraphrase),NOT_REPORTED,"325,535 SMILES (80% of 406,919 known natural products in COCONUT at time of study)",~326K training molecules -> 100M generated -> 67M retained as NP-like,NOT_REPORTED,no,no,NOT_REPORTED,NOT_FOUND,NOT_REPORTED,none found,NOT_REPORTED,NOT_REPORTED,NOT_REPORTED,NO,EXPLICITLY REMOVED,EXPLICITLY REMOVED,EXPLICITLY REMOVED (anomeric configuration destroyed),"YES, confirmed by WebSearch paraphrase: 'An LSTM model was trained on tokenized SMILES (with stereochemistry removed) from 325,535... known natural products in COCONUT.'",n/a - stereochemistry not modeled at all,total loss of stereochemical fidelity by construction; NOT usable as-is for a stereo-faithful saponin generator,LOW (disqualifying for this project's stereochemistry requirement without a full stereo-reintroducing retrain),YES (COCONUT),medium (COCONUT includes triterpenoids),"medium (COCONUT includes glycosides), but connectivity-only since stereo is stripped",plausible for gross scaffold/connectivity,"plausible for connectivity only, NOT anomeric stereochemistry","yes, plus a full retrain on isomeric SMILES since stereochemistry was never modeled","low (valuable as a scale/methodology precedent and as a negative example for stereochemistry policy, not as a starting checkpoint)",low (no code URL found this session),low (no checkpoint URL found this session; only the generated compound library is described as distributed),NOT_REPORTED,NOT_REPORTED,low as a checkpoint; useful only as literature precedent,NOT_REPORTED,high if mistakenly treated as stereo-capable,NOT_RECOMMENDED,"WebSearch paraphrase: 'SMILES-based LSTM generated 95.9% valid molecular structures, a significant improvement over VAE (87.0%) and GAN (37.9%) based architectures' and training used SMILES 'with stereochemistry removed'.",WebSearch synthesis,search_engine_synthesis,https://www.nature.com/articles/s41597-023-02207-x,2026-08-18,medium,IMPORTANT CAUTIONARY EXAMPLE for section 7 (stereochemistry review): this is exactly the failure mode the project must avoid - a natural-product generator trained without stereochemistry cannot produce stereochemically faithful saponins regardless of scale (67M compounds).
C08,NaFM (Natural product Foundation Model),Natural-product graph foundation model,Pretraining a Foundation Model for Small-Molecule Natural Products / Learning the chemical language of natural products,2026 (arXiv preprint 2025-03; journal version 2026),"Ding et al. (preprint); Guo, Rava, Walker (Nat Mach Intell version - possibly a distinct/related paper, NEEDS_LOCAL_VERIFICATION to confirm if same work)",NEEDS_LOCAL_VERIFICATION,https://arxiv.org/abs/2503.17656 (EGRESS_BLOCKED this session); https://www.nature.com/articles/s42256-026-01241-9 (EGRESS_BLOCKED this session),NOT_FOUND this session,NOT_FOUND this session,NOT_FOUND,NOT_REPORTED,PAYWALLED_NO_LEGAL_FULLTEXT_FOUND for Nature Machine Intelligence version this session; arXiv preprint version likely open but EGRESS_BLOCKED_THIS_SESSION,"AMBIGUOUS - described via WebSearch synthesis as combining 'masked learning and contrastive learning' (BERT-style representation pretraining), not confirmed as an autoregressive GENERATOR","unclear - likely encoder/representation model, NOT confirmed generative",graph neural network (masked graph learning + contrastive learning per WebSearch paraphrase),molecular graph,n/a (graph-based),NOT_REPORTED,~0.6 million natural product structures from COCONUT,~600K structures,described as a foundation model for 'downstream applications in natural product mining',NOT_REPORTED,NOT_REPORTED,"n/a (graph, not sequence)",n/a,n/a,n/a (not a sequence model),n/a,n/a (different representation paradigm),"n/a for token-length; graph size (atom count) is the analogous constraint, not assessed this session",n/a (graph representation; whether stereo bond/atom labels are included is UNCONFIRMED),NEEDS_LOCAL_VERIFICATION,NEEDS_LOCAL_VERIFICATION,NEEDS_LOCAL_VERIFICATION,NEEDS_LOCAL_VERIFICATION,NOT_REPORTED,NOT_REPORTED,UNKNOWN (insufficient evidence this session),YES (COCONUT),plausible (COCONUT includes triterpenoids) but not confirmed,"plausible, not confirmed",NEEDS_LOCAL_VERIFICATION,NEEDS_LOCAL_VERIFICATION,NEEDS_LOCAL_VERIFICATION,"UNKNOWN - most importantly, GENERATIVE CAPABILITY ITSELF IS UNCONFIRMED this session",unknown (no code URL found this session),unknown (no checkpoint URL found),NOT_REPORTED,NOT_REPORTED,low (different representation paradigm than this project's SMILES-based pipeline),high if pursued (new graph-modeling stack),high uncertainty - do not rely on this candidate without direct verification,FUTURE_WORK,WebSearch paraphrase only (no primary text read): 'NaFM is a novel foundation model designed specifically for small-molecule natural products. It integrates masked learning and contrastive learning to capture both scaffold-centered and side-chain information.',WebSearch synthesis of arXiv/journal abstracts,search_engine_synthesis,https://arxiv.org/abs/2503.17656,2026-08-18,low,"Flagged FUTURE_WORK specifically because this session could not confirm (a) generative capability, (b) code/checkpoint availability, or (c) stereochemistry handling. Do not treat as a generation candidate until locally verified."
C09,smiles-gpt,Generic SMILES causal LM,(no formal paper found this session; repository describes itself as 'Generative Pre-Training from Molecules'),"2021-2022 (repo era, exact date NOT_REPORTED)","Adilov, S. (GitHub: sanjaradylov)",NOT_FOUND,NOT_FOUND,https://github.com/sanjaradylov/smiles-gpt,checkpoints/benchmark-5m referenced in repo (per README fetched this session),NOT_FOUND,NOT_STATED in README fetched this session,OPEN_CODE (README directly read via WebFetch this session),yes,autoregressive (decoder-only causal LM),GPT-2 (via HuggingFace GPT2LMHeadModel/GPT2Config),SMILES,"HuggingFace PreTrainedTokenizerFast (BPE-style, INFERRED_FROM_CODE per README structure)","NOT_STATED in fetched README (repo checkpoint named 'benchmark-5m' suggests ~5M scale, INFERRED_FROM_CODE, NEEDS_LOCAL_VERIFICATION)",10M PubChem SMILES (per README: 'pretrains GPT-2 on 10M PubChem SMILES data'); a 10K subset of ChemBERTa's PubChem-10M is bundled for the demo notebook,10 million SMILES,"yes (this is exactly what NPGPT, C06, does to it)",no native conditioning reported,no,NOT_STATED in fetched README,GPT-2 default n_positions is 1024 unless overridden; NOT independently confirmed for this checkpoint (NEEDS_LOCAL_VERIFICATION),yes (GPT2Config.n_positions is a standard configurable field),none found - no explicit 512 mention in README,NOT_STATED,"plausible if n_positions=1024 default holds, but UNCONFIRMED without cloning the checkpoint config",GPT-2 architecture; extending beyond its trained n_positions requires positional-embedding reinitialization/interpolation (see 05_long_context_512_review.md),NOT_STATED in README,"representation-level only, unconfirmed for this checkpoint's training data","representation-level only, unconfirmed",unconfirmed,NOT_STATED in README (no preprocessing script inspected this session),none reported,NOT_REPORTED,UNKNOWN (undocumented this session),no (PubChem general chemical space),none directly (general-purpose prior only),none directly,only via further fine-tuning (as NPGPT/C06 does),only via further fine-tuning,"yes, substantial (two-stage: NP adaptation, then saponin)","medium (viable base checkpoint for a from-scratch causal-LM line, matches project's stated 'SMILES-GPT direction')",medium (small maintained-by-individual repo; not an organization-backed release),"medium (in-repo checkpoint referenced, not on a standard model hub per this session's findings)",NOT_STATED,"low (5-10M parameter scale, plausibly CPU/single-GPU feasible)",HIGH - matches the project's already-stated 'SMILES-GPT / causal language-model direction',medium (new HuggingFace-based training/inference stack alongside existing REINVENT4 pipeline),"medium (undocumented stereochemistry pipeline, single-maintainer repo, unverified context length)",PRIMARY_CANDIDATE (as the base checkpoint for the project's declared SMILES-GPT direction),Repository README (fetched via raw.githubusercontent.com this session): 'a notebook that pretrains GPT-2 on 10M PubChem SMILES data.',https://github.com/sanjaradylov/smiles-gpt README.md,primary_repo_readme_fetched,https://github.com/sanjaradylov/smiles-gpt,2026-08-18,high,"Directly relevant since the project's own stated status is 'already uses a SMILES-GPT / causal language-model direction.' Context length, tokenizer stereochemistry handling, and license all need local verification (clone + inspect config.json) before committing further engineering effort - none of this could be done from this cloud research session per task constraints."
C10,ChemGPT (4.7M / 19M / 1.2B),Generic SELFIES causal LM,Neural scaling of deep chemical models,2023,"Frey, N.C.",NEEDS_LOCAL_VERIFICATION,https://www.nature.com/articles/s42256-023-00740-3 (EGRESS_BLOCKED this session); chemrxiv preprint also blocked this session,NOT_FOUND (molgen training repo URL not independently confirmed this session),"https://huggingface.co/ncfrey/ChemGPT-4.7M, ChemGPT-19M, ChemGPT-1.2B (URLs found via WebSearch; huggingface.co itself is EGRESS_BLOCKED this session so README not directly read)","https://huggingface.co/ncfrey/ChemGPT-4.7M/blob/main/README.md (URL found, NOT fetched this session - blocked)",NOT_VERIFIED this session (HuggingFace blocked),"checkpoints appear OPEN on HuggingFace per WebSearch, but EGRESS_BLOCKED_THIS_SESSION prevented direct confirmation",yes,autoregressive (GPT-Neo decoder-only),GPT-Neo,SELFIES (100%-valid-by-construction string representation),SELFIES tokenizer (per WebSearch: 'SMILES strings from PubChem... converted to SELFIES using version 1.0.4 of the SELFIES library'),4.7M / 19M / 1.2B (three released sizes),PubChem10M (via DeepChem),up to 10 million molecules / ~300 million tokens,explicitly 'intended to be used for investigations of the effects of pre-training and fine-tuning on downstream datasets' (WebSearch paraphrase),no native conditioning reported,no,NOT_REPORTED,NOT_REPORTED,GPT-Neo positional embeddings are standard/configurable in principle,none found this session,"SELFIES representation avoids invalid-branch/ring-closure syntax errors that plague raw SMILES at length, a structural advantage for long molecules (general SELFIES property, not ChemGPT-specific benchmark)","UNKNOWN - not benchmarked on natural products/saponins; PubChem10M is general chemical space, not NP-enriched",same positional-embedding extension risk as any fixed-context transformer if saponin SELFIES exceed the trained context,UNCONFIRMED whether stereochemical SELFIES symbols were retained during PubChem->SELFIES conversion this session,"SELFIES CAN encode stereo symbols if present in source SMILES, but retention was not confirmed for THIS dataset/checkpoint",same caveat as tetrahedral,unconfirmed,NEEDS_LOCAL_VERIFICATION,none reported,NOT_REPORTED,UNKNOWN pending local verification of the actual SELFIES vocabulary used,no (PubChem general space),none directly,none directly,only via further fine-tuning,only via further fine-tuning,"yes, substantial",medium (interesting as a SELFIES-representation validity-oriented baseline per the project's own benchmark-plan requirement),"medium-high (HuggingFace-hosted, org-adjacent release)",high per WebSearch (three sizes on HuggingFace) though not independently confirmed this session (site blocked),NOT_VERIFIED this session,low (4.7M) to substantial (1.2B),medium (SELFIES differs from this project's current SMILES-based REINVENT4 pipeline and from NPGPT's smiles-gpt variant),medium (SELFIES tokenization/decoding pipeline is a new dependency),medium,BASELINE (validity-oriented SELFIES comparison baseline),"WebSearch paraphrase: 'ChemGPT is pre-trained on up to 10 million molecules (300 million tokens) from PubChem, with performance improvements seen for models up to one billion non-embedding parameters.'",WebSearch synthesis (HuggingFace model cards could not be fetched directly - EGRESS_BLOCKED),search_engine_synthesis,https://huggingface.co/ncfrey/ChemGPT-4.7M,2026-08-18,medium,"Recommended role is specifically as the project's SELFIES validity-oriented baseline (required by section 10/F of the task spec), not as the primary line, given zero natural-product signal in pretraining and unconfirmed stereo-symbol retention."
C11,MolGPT,Generic conditional SMILES GPT,MolGPT: Molecular Generation Using a Transformer-Decoder Model,2022 (JCIM) / 2021 preprint,"Bagal, V.",NEEDS_LOCAL_VERIFICATION,https://pubs.acs.org/jcisd8/article/62/9/2064/883937 (EGRESS_BLOCKED this session),"https://github.com/devalab/molgpt (URL inferred from author group naming convention, NEEDS_LOCAL_VERIFICATION - not independently confirmed this session)",NEEDS_LOCAL_VERIFICATION,NOT_FOUND,NOT_REPORTED,paper PAYWALLED (ACS); code status NEEDS_LOCAL_VERIFICATION,yes,autoregressive (decoder-only transformer),"GPT-style transformer decoder, masked self-attention next-token prediction",SMILES,character/regex SMILES tokenizer (WebSearch paraphrase),NOT_REPORTED,"MOSES / GuacaMol benchmark datasets (ChEMBL-derived, WebSearch paraphrase)","~1-2M drug-like molecules (typical MOSES/GuacaMol scale, INFERRED, NEEDS_LOCAL_VERIFICATION)",NEEDS_LOCAL_VERIFICATION,YES - natively conditions on scalar properties AND Bemis-Murcko scaffold SMILES,"property + scaffold conditioning, not protein-target conditioning",NOT_REPORTED,NOT_REPORTED,NEEDS_LOCAL_VERIFICATION,none found,NOT_REPORTED,"UNKNOWN - trained on drug-like (smaller, Lipinski-range) molecules, likely mismatched to large triterpenoid saponins",benchmark corpora (MOSES/GuacaMol) skew toward much smaller/shorter SMILES than saponins; context length and learned length distribution both likely insufficient without retraining,NEEDS_LOCAL_VERIFICATION,representation-level only,representation-level only,not evaluated,NEEDS_LOCAL_VERIFICATION,none reported,NOT_REPORTED,medium (unconfirmed),no,low (drug-like benchmark corpora are size/complexity-mismatched to triterpenoids),low,unlikely without substantial retraining given size mismatch,unlikely,"yes, extensive, and would fight the pretraining distribution's small-molecule bias","low (useful as a scaffold/property-conditioning ARCHITECTURE reference, not as a pretrained checkpoint for this project)",NEEDS_LOCAL_VERIFICATION,NEEDS_LOCAL_VERIFICATION,NOT_REPORTED,low-medium (typical academic-scale transformer),low,high if pursued (retraining essentially from scratch on saponin-scale molecules),high (distribution mismatch),NOT_RECOMMENDED,WebSearch paraphrase: 'a transformer-decoder on the next token prediction task using masked self-attention for the generation of druglike molecules... conditioning the generation on scaffold SMILES strings and property values.',WebSearch synthesis,search_engine_synthesis,https://pubs.acs.org/doi/10.1021/acs.jcim.1c00600,2026-08-18,medium,"Its scaffold+property conditioning DESIGN is a useful reference for a future saponin-family-conditioned generator (module 1), but the released pretraining distribution (drug-like MOSES/GuacaMol scale) is a poor match for large polycyclic glycosides."
C12,Chemformer / MolBART,Generic BART-style SMILES transformer,Chemformer: a pre-trained transformer for computational chemistry,2022,"Irwin, R.",NEEDS_LOCAL_VERIFICATION,https://iopscience.iop.org/article/10.1088/2632-2153/ac3ffb (EGRESS_BLOCKED this session),https://github.com/MolecularAI/Chemformer ; https://github.com/MolecularAI/MolBART,referenced in repo (exact URL NEEDS_LOCAL_VERIFICATION; blocked this session),NOT_FOUND,"NLV (MolecularAI repos are typically Apache-2.0 like REINVENT4, NOT independently confirmed for this repo this session)","OPEN_CODE (GitHub, same organization as this project's existing REINVENT4 dependency); paper blocked",yes (encoder-decoder; also used as a general representation model),encoder-decoder (BART/denoising transformer),BART,SMILES,SMILES sub-word/regex tokenizer (WebSearch paraphrase),NOT_REPORTED,large SMILES corpus with span-masking + augmentation denoising objective (WebSearch paraphrase; exact source/size NOT_REPORTED this session),NOT_REPORTED,"explicit design goal - tested on reaction prediction, retrosynthesis, molecular optimization, and property prediction downstream tasks",via downstream task fine-tuning (e.g. molecular optimization),"reaction-prediction/retrosynthesis conditioning demonstrated, not protein-target conditioning",NOT_REPORTED,NOT_REPORTED,NEEDS_LOCAL_VERIFICATION,none found this session,NOT_REPORTED,"UNKNOWN, not benchmarked on natural products",encoder-decoder transformer; same quadratic-attention-cost caveat as C02,NEEDS_LOCAL_VERIFICATION,representation-level only,representation-level only,not evaluated,NEEDS_LOCAL_VERIFICATION,none reported,NOT_REPORTED,medium (unconfirmed),no,none directly,none directly,only via fine-tuning,only via fine-tuning,"yes, extensive","low-medium (general-purpose reaction/optimization tool, not a de novo NP generator; same organization as project's existing REINVENT4 dependency is a practical plus)","medium-high (same maintainer org as REINVENT4, already trusted by this project)",NEEDS_LOCAL_VERIFICATION,NEEDS_LOCAL_VERIFICATION,medium (BART-scale transformer),"medium (different task framing - optimization/reaction, not pure de novo generation)",medium-high,medium,NOT_RECOMMENDED (for the primary generator; may be worth a look for future lead-optimization module),"WebSearch paraphrase: 'pre-trains a BART transformer language model on molecular SMILES strings by optimizing a de-noising objective... masking, augmentation and a combination of masking and augmentation' were investigated.",WebSearch synthesis,search_engine_synthesis,https://github.com/MolecularAI/Chemformer,2026-08-18,medium,"Better suited to the project's future 'lead optimization platform' module than to de novo saponin generation, given its task-conditioned optimization framing rather than free generation."
C13,SMILES Transformer (Honda et al.),Generic SMILES autoencoder (fingerprint extractor),SMILES Transformer: Pre-trained Molecular Fingerprint for Low Data Drug Discovery,2019,"Honda, S.",NEEDS_LOCAL_VERIFICATION,https://arxiv.org/abs/1911.04738 (EGRESS_BLOCKED this session),https://github.com/DSPsleeporg/smiles-transformer,NEEDS_LOCAL_VERIFICATION,NOT_FOUND,NOT_REPORTED,"OPEN_CODE (GitHub); paper (arXiv, likely open) EGRESS_BLOCKED_THIS_SESSION","NO (per WebSearch synthesis, this is a representation/fingerprint-extraction autoencoder, not a de novo generator - decoder exists only to support the autoencoding pretext task)",encoder-decoder (seq2seq autoencoder used for representation learning),Transformer autoencoder,"canonical SMILES, capped at <=100 characters",character-level SMILES tokenizer (WebSearch paraphrase),NOT_REPORTED,"1.7 million ChEMBL24 molecules, canonical SMILES <=100 characters",1.7 million molecules,"designed for downstream property-prediction fine-tuning, not molecule generation",n/a (not a generator),n/a,"<=100 characters (explicit corpus filter, though character count != token count)",NOT_REPORTED,NEEDS_LOCAL_VERIFICATION,"CONTRADICTS 512-token feasibility for saponins: the pretraining corpus was deliberately capped at 100 CHARACTERS, i.e. well below what a polycyclic saponin SMILES needs",explicitly EXCLUDED long molecules from pretraining by the 100-character cap,"LOW - saponin SMILES are almost certainly far longer than 100 characters, disqualifying this checkpoint's learned distribution","HIGH - fundamental training-distribution mismatch, not a fixable config issue",NEEDS_LOCAL_VERIFICATION,representation-level only,representation-level only,not evaluated,NEEDS_LOCAL_VERIFICATION,none reported,NOT_REPORTED,low relevance (not a generator),no,none (explicitly small-molecule scale),none,no,no,"not applicable - wrong task type (fingerprinting, not generation)",LOW (wrong task type and wrong length regime),medium (small maintained-by-individual repo),NEEDS_LOCAL_VERIFICATION,NOT_REPORTED,low,"none for generation; could theoretically feed downstream property models, out of current scope",n/a (not recommended),n/a,NOT_RECOMMENDED,"WebSearch paraphrase: 'Canonical SMILES of 1.7 million molecules that have no more than 100 characters from Chembl24 dataset were used' and the model 'learns latent representation that is useful for various downstream tasks through autoencoding task,' i.e. it is a fingerprint extractor, not a generator.",WebSearch synthesis,search_engine_synthesis,https://github.com/DSPsleeporg/smiles-transformer,2026-08-18,medium,"Included specifically because it is a clean, well-documented COUNTEREXAMPLE for the project's 512-token feasibility question: a well-cited pretrained SMILES transformer that explicitly excludes exactly the kind of long molecule this project needs, illustrating that long-SMILES support cannot be assumed of generic pretrained chemical LMs."
C14,Group SELFIES,Molecular string representation (not a pretrained generator itself),Group SELFIES: a robust fragment-based molecular string representation,2023,"Cheng, A.H.",NEEDS_LOCAL_VERIFICATION,https://pubs.rsc.org/dd/article/2/3/748/804841 (EGRESS_BLOCKED this session); arXiv:2211.13322 also blocked,https://github.com/aspuru-guzik-group/group-selfies (inferred from author group; NEEDS_LOCAL_VERIFICATION exact URL),"n/a (representation, not a trained model)",NOT_FOUND,NOT_REPORTED,"OPEN_ACCESS paper (RSC Digital Discovery, fully OA journal) but EGRESS_BLOCKED_THIS_SESSION for full text","NO (this is a STRING REPRESENTATION/grammar, not a trained generative model; must be paired with a sequence model to generate)",n/a (representation only),n/a,Group SELFIES (fragment/group-token extension of SELFIES),"grammar-constrained group-token vocabulary, user-definable per fragment library",n/a,n/a (no shipped pretrained checkpoint found this session),n/a,n/a (representation only),n/a,n/a,n/a,n/a,n/a,n/a,"group tokens can represent whole recurring fragments (e.g. a sugar ring or a steroid ring system) as ONE token, which directly shortens the effective sequence length for repetitive substructures like glycosides - a structurally relevant property for this project even without benchmark evidence","plausible ADVANTAGE if a custom sugar/aglycone fragment library is defined, but requires building that library - not off-the-shelf",low IF a good fragment library is built; the representation is only as good as the grammar/library defined for it,"YES - per WebSearch quote: 'all tokens except [pop] can be modified by adding =, #, \\ or / to change the bond order or stereochemistry of their parent bond'",supported at the token-modification level (inherits SELFIES' 100%-validity stereo grammar),supported (explicit / and \\ modifiers per quote above),"plausible via custom sugar-ring group tokens with stereo modifiers, NOT benchmarked for saponins specifically",NO by design (representation preserves stereo unless the user's fragment library discards it),inherited from underlying SELFIES robustness guarantee (100% of strings decode to valid molecules) plus RDKit downstream,risk shifts to FRAGMENT LIBRARY DESIGN quality rather than string validity per se,"HIGH (best stereo-representation properties found this session among string notations), contingent on custom saponin fragment library engineering",no shipped NP-pretrained checkpoint found,high POTENTIAL (fragment tokens are a natural fit for repeated steroid/triterpenoid ring systems and sugar units) but unproven for this domain,high POTENTIAL (a 'sugar ring' or 'glycosidic linkage' group token is exactly the kind of motif this representation is designed to compress),requires training a new model on Group-SELFIES-encoded saponins; representation choice alone does not learn anything,same caveat,"requires full from-scratch training (no pretrained checkpoint exists in this representation for any domain per this session's findings), not just fine-tuning","medium-high for FUTURE_WORK (best theoretical stereo fit, but zero pretrained assets = highest engineering cost among string options)",NEEDS_LOCAL_VERIFICATION,none (no pretrained model found),NOT_REPORTED,same order as any SMILES/SELFIES LM once trained,low today (would require building fragment library + training a model from scratch); high conceptual fit long-term,high (fragment library design + no pretrained starting point),"medium (novel representation engineering risk, offset by strong theoretical stereo properties)",FUTURE_WORK,'Group SELFIES improves distribution learning of common molecular datasets' by letting 'group tokens... take advantage of inductive biases of molecular fragments that capture meaningful chemical motifs' (WebSearch synthesis of RSC Digital Discovery abstract).,WebSearch synthesis,search_engine_synthesis,https://pubs.rsc.org/dd/article/2/3/748/804841,2026-08-18,medium,"Recommended as a deferred (FUTURE_WORK) representation upgrade specifically because saponins are fragment-repetitive (multiple sugar rings, one aglycone) - exactly Group SELFIES' design target - but building a saponin-specific fragment library and training from scratch is real engineering work with no shortcut via an existing checkpoint."
C15,SAFE-GPT,Generic fragment-based SMILES-compatible LM,Gotta be SAFE: A New Framework for Molecular Design,2023/2024,"Noutahi, E.",NEEDS_LOCAL_VERIFICATION,https://pubs.rsc.org/dd/article/3/4/796/846020 (EGRESS_BLOCKED this session),https://github.com/datamol-io/safe,https://huggingface.co/datamol-io/safe-gpt (per WebSearch; huggingface.co blocked this session for direct confirmation),NOT_FOUND,Code: Apache-2.0; Training data: CC BY 4.0; Model WEIGHTS: CC BY-NC 4.0 (non-commercial) — all three confirmed by direct WebFetch of the repo README this session,OPEN_CODE (README directly read via WebFetch this session); weights are research-use-only (NC) license,yes,autoregressive (GPT-2-style decoder),"GPT-2, 12 layers, 12 attention heads/layer, 768 hidden size, 87M parameters (all confirmed by direct WebFetch of repo README this session)",SAFE (Sequential Attachment-based Fragment Embedding) - a SMILES-compatible line notation reordered as interconnected fragment blocks,custom 'safe.split' fragment/attachment-point tokenizer (per README fetched this session),87 million (confirmed via README fetched this session),1.1 billion rows / 250GB (confirmed via README fetched this session); exact source database (ZINC/PubChem/etc.) NOT stated in the README text retrieved,1.1 billion SAFE strings,"yes - explicitly designed for scaffold decoration, fragment linking, and scaffold hopping fine-tuning/prompting workflows","YES - fragment-constrained generation is the core design goal (scaffold decoration, linker design, motif extension)","fragment/scaffold conditioning, not protein-target conditioning",NOT_REPORTED,NOT_REPORTED,NEEDS_LOCAL_VERIFICATION,none found in README fetched this session,"SAFE's fragment-block reordering is claimed (WebSearch synthesis of the paper) to simplify autoregressive generation of complex multi-fragment molecules by removing the need for graph-based decoders - directly relevant to multi-sugar saponins, but NOT benchmarked on natural products/saponins","UNKNOWN - representation is promising for multi-fragment glycosides in principle, unbenchmarked in practice",same fixed-context-window risk as any GPT-2-derived model if saponin SAFE strings exceed the trained window,NOT STATED in the README text fetched this session (README excerpt did not address encoding/decoding of stereo markers),NEEDS_LOCAL_VERIFICATION,NEEDS_LOCAL_VERIFICATION,NEEDS_LOCAL_VERIFICATION,NOT_STATED in README fetched this session,none reported in fetched README,NOT_REPORTED,UNKNOWN pending local verification (encoder/decoder source code inspection needed),"not indicated (general-purpose fragment corpus, source database not confirmed)",none directly,conceptually promising (fragment/attachment-point framing suits sugar-aglycone linkage) but unproven,only via fine-tuning,conceptually well-suited (fragment linking is a first-class SAFE operation) but unproven for saponins,"yes, substantial, plus a CC BY-NC weight license that blocks commercial use","medium (interesting fragment-linking design for the sugar-aglycone problem specifically, undermined by non-commercial weight license and unconfirmed stereochemistry handling)","high (actively maintained org repo, pip-installable, README directly verified this session)",high per WebSearch (HuggingFace-hosted),HIGH CLARITY but RESTRICTIVE: weights are CC BY-NC 4.0 (non-commercial research use only) - confirmed this session,medium (87M-parameter GPT-2 scale),"low-medium (new SAFE encoding/decoding + HuggingFace stack, distinct from current REINVENT4 pipeline)",medium,medium (license restricts commercial use; stereochemistry handling unconfirmed),FUTURE_WORK,Repository README (fetched via WebFetch this session): 'SAFE-GPT model is an 87-million-parameter GPT2-like model trained on a dataset containing 1.1 billion SAFE representations... Model weights: CC BY-NC 4.0.',https://github.com/datamol-io/safe README.md,primary_repo_readme_fetched,https://github.com/datamol-io/safe,2026-08-18,high,"Fragment-linking design is conceptually the best fit found this session for the sugar+aglycone assembly problem central to saponin generation, but (a) the CC BY-NC 4.0 weight license is a real constraint if this project has any commercial intent, and (b) stereochemistry handling could not be confirmed from the README alone - source-code inspection required before adoption."
C16,MolMIM (NVIDIA BioNeMo),Generic latent-space molecular autoencoder,Improving Small Molecule Generation using Mutual Information Machine,2022/2023,"Reidenbach, D.",NEEDS_LOCAL_VERIFICATION,https://arxiv.org/abs/2208.09016 (EGRESS_BLOCKED this session),"https://github.com/NVIDIA/BioNeMo (framework); MolMIM itself distributed via NVIDIA NIM/BioNeMo, not a standalone lightweight repo",https://build.nvidia.com/nvidia/molmim-generate (NVIDIA-hosted inference endpoint per WebSearch; not a plain downloadable checkpoint file),https://docs.nvidia.com/nim/bionemo/molmim/latest/overview.html,NVIDIA proprietary/NIM terms (NEEDS_LOCAL_VERIFICATION; NOT a standard open-source license per WebSearch synthesis),"access via NVIDIA-hosted API/NIM container, not a plain public checkpoint download - PAID/GATED_INFRASTRUCTURE, disqualifying for this project's 'no paid services' constraint",yes,"probabilistic autoencoder (Perceiver encoder + Transformer decoder, MIM objective) with CMA-ES latent-space optimization for controlled generation",Perceiver encoder / Transformer decoder,SMILES (fixed-length latent code),NOT_REPORTED,NOT_REPORTED,NOT_REPORTED,NOT_REPORTED,NEEDS_LOCAL_VERIFICATION,"YES - core design goal, via CMA-ES optimization over the learned latent space for property-guided generation","property-guided (e.g. QED, docking score) via latent optimization, not native target conditioning",NOT_REPORTED,NOT_REPORTED,NOT_REPORTED,none found,"fixed-length latent encoding is a poor structural fit for highly variable-length molecules like saponins with variable sugar counts (general latent-VAE/autoencoder limitation, not MolMIM-specific benchmark evidence)",UNKNOWN/unlikely to be the deciding factor - the licensing/infrastructure gate is the primary disqualifier,fixed-length latent bottleneck models generally compress worse as molecule size/diversity grows,NEEDS_LOCAL_VERIFICATION,NEEDS_LOCAL_VERIFICATION,NEEDS_LOCAL_VERIFICATION,NEEDS_LOCAL_VERIFICATION,NEEDS_LOCAL_VERIFICATION,none reported,NOT_REPORTED,UNKNOWN,no,none directly,none directly,NOT_REPORTED,NOT_REPORTED,"would require NVIDIA BioNeMo training access, which is a paid/enterprise platform",low (infrastructure/licensing mismatch with project constraints),low for open reproduction (gated behind NVIDIA NIM/BioNeMo),"low (API-gated, not a plain file)","proprietary platform terms, not a standard open license",NVIDIA GPU + BioNeMo framework/NIM container (enterprise-oriented),low (heavyweight proprietary platform vs this project's lightweight REINVENT4/CPU-feasible pipeline),high,high (violates this project's explicit 'no paid cloud GPU services' constraint if pursued beyond the free playground tier),NOT_RECOMMENDED,WebSearch paraphrase: MolMIM 'uses a gradient-free numerical optimization algorithm called CMA-ES to navigate the latent space of the model' and is 'the first NVIDIA-generated foundation model to be deployed on BioNeMo.' Also noted: 'GenMol (replaces MolMIM)' in newer NVIDIA offerings.,WebSearch synthesis,search_engine_synthesis,https://build.nvidia.com/nvidia/molmim-generate/modelcard,2026-08-18,medium,"Excluded primarily on INFRASTRUCTURE/LICENSING grounds (NVIDIA-hosted/enterprise platform), independent of its technical merits, because this project's constraints explicitly rule out paid cloud services. Note per WebSearch, NVIDIA has already superseded MolMIM with 'GenMol' - the specific model is not even NVIDIA's current recommendation."
C17,GraphAF (graph-flow autoregressive),Graph autoregressive generator,GraphAF: a Flow-based Autoregressive Model for Molecular Graph Generation,2020,"Shi, C.",NEEDS_LOCAL_VERIFICATION,https://arxiv.org/abs/2001.09382 (EGRESS_BLOCKED this session),NOT_FOUND this session (multiple third-party reimplementations exist per general knowledge; none independently confirmed this session),NOT_FOUND,NOT_FOUND,NOT_REPORTED,paper likely open (arXiv/OpenReview) but EGRESS_BLOCKED_THIS_SESSION; no verified code/checkpoint URL this session,yes,graph_autoregressive (normalizing flow + autoregressive node/edge generation),"autoregressive flow over molecular graphs, with valency-check chemical rules applied during generation",molecular graph (atoms/bonds generated sequentially),"n/a (graph, not string)",NOT_REPORTED,"ZINC250k (typical benchmark corpus for this era of graph generator, per general knowledge; NOT independently confirmed this session)",~250K drug-like molecules (unconfirmed this session),NEEDS_LOCAL_VERIFICATION,demonstrated for goal-directed property optimization via RL fine-tuning (WebSearch paraphrase),"property optimization, not protein-target conditioning","n/a (graph size = atom count, not token length)",n/a,n/a,n/a (different representation paradigm; 'sequence length' does not directly apply),"n/a - operates on graphs, sidesteps SMILES tokenization issues entirely, which is a genuine structural advantage for very large ring systems","n/a metric; the relevant constraint would be maximum ATOM COUNT the released model was trained/validated for, which is NOT_REPORTED this session","graph autoregressive generation cost scales with atom+bond count, not string length; large saponins (~60-100+ heavy atoms) are far beyond the ~30-40 heavy atom ZINC250k-era benchmark scale these models were validated on",n/a (graph representation),NOT CONFIRMED for this era of graph generator; WebSearch found only a general note that 'stereochemistry can be seamlessly integrated into the grammar in some approaches' without confirming GraphAF specifically implements it,NOT CONFIRMED,NOT CONFIRMED,"LIKELY (2020-era graph generators typically did not model stereochemistry; general field knowledge, not directly confirmed for GraphAF this session)","valency/chemical-rule checking during generation (confirmed: '100% valid molecules with chemical rules'), but this is a VALENCY check, not a stereochemistry check","high risk of stereochemistry being entirely unmodeled, consistent with the era and typical graph-generator design",LOW-UNKNOWN (likely no stereochemistry modeling; unconfirmed),no,none directly (benchmark-scale training),none directly,unlikely without retraining at much larger scale,unlikely,"would require full retraining at saponin atom-count scale, which this generation of graph-AR models was not validated for",low (scale and stereochemistry both unproven/unfavorable),low (no verified code URL this session),none found,NOT_REPORTED,unassessed,low,high,high,NOT_RECOMMENDED,WebSearch paraphrase: 'GraphAF is able to generate 68% chemically valid molecules even without chemical knowledge rules and 100% valid molecules with chemical rules... training process... two times faster than... GCPN.',WebSearch synthesis,search_engine_synthesis,https://arxiv.org/abs/2001.09382,2026-08-18,low,"Representative of the graph-autoregressive family broadly (GraphINVENT, GCPN, MoFlow share similar era/scale/stereo limitations per general knowledge). Listed to satisfy the required-candidate-families coverage (section 6/C of the task spec) but not independently verified beyond WebSearch synthesis this session."
C18,Geometry-Complete Diffusion Model (GCDM) / EDM family,3D graph diffusion generator,Geometry-complete diffusion for 3D molecule generation and optimization,2024,"Morehead, A. (typical attribution for GCDM; NEEDS_LOCAL_VERIFICATION exact author list)",NEEDS_LOCAL_VERIFICATION,https://www.nature.com/articles/s42004-024-01233-z (EGRESS_BLOCKED this session),NOT_FOUND this session (GitHub repo exists per general knowledge; URL not independently confirmed this session),NOT_FOUND,NOT_FOUND,NOT_REPORTED,paper likely open (Communications Chemistry) but EGRESS_BLOCKED_THIS_SESSION; code URL not verified this session,yes,"diffusion (SE(3)-equivariant graph diffusion, denoising over 3D coordinates + atom/bond types)",SE(3)-equivariant graph neural network denoiser (builds on the EDM - Equivariant Diffusion Model - lineage),"3D coordinates + molecular graph, explicitly chirality-aware per WebSearch synthesis","n/a (continuous 3D generative process, not tokenized)",NOT_REPORTED,"QM9 / GEOM-Drugs (typical benchmark corpora for this model family, per general knowledge; NOT independently confirmed this session)","QM9 ~134K small molecules; GEOM-Drugs ~430K drug-like conformers (typical scale, unconfirmed this session)",NEEDS_LOCAL_VERIFICATION,demonstrated for property-guided 3D molecule optimization (WebSearch paraphrase),"property optimization; structure-based (pocket-conditioned) variants exist in the broader EDM lineage but are a DIFFERENT model, not confirmed same checkpoint","n/a (atom-count-bounded, not token-bounded)",n/a,n/a,n/a (different representation paradigm entirely),"n/a - sidesteps SMILES/tokenization issues by construction, a genuine structural advantage for very large stereochemically complex molecules IN PRINCIPLE","n/a metric; relevant constraint is atom count, and QM9/GEOM-Drugs-era 3D diffusion models are typically validated on SMALLER molecules (tens of heavy atoms) than a full triterpenoid saponin (60-100+ heavy atoms) - a real scale mismatch","3D diffusion over 60-100+ heavy atoms is computationally much more expensive per sample than 1D SMILES/SELFIES generation, and is largely UNVALIDATED at saponin scale by any source found this session","representation is inherently 3D/stereochemistry-explicit (not an SMILES concept), and GCDM specifically is marketed as 'chirality-aware' per its framework name","YES, explicitly a stated design goal ('geometric and chirality-aware 3D molecule generation' per WebSearch synthesis)",plausible via 3D geometry but not explicitly confirmed this session,plausible in principle (3D geometry captures anomeric configuration naturally) but NOT benchmarked on carbohydrates/glycosides by any source found this session,NO by design - this is the family's key selling point relative to string-based models,"post-hoc chirality correction described in the broader literature (compare generated 3D oriented volume against RDKit chiral tags, flip if mismatched - per a separate WebSearch result on 3D chirality correction)",3D diffusion models CAN still generate locally-plausible-but-globally-wrong stereocenters without an explicit correction step; conformer generation from a stereo-SMILES back to 3D and then re-deriving SMILES is itself non-trivial and lossy in both directions,"HIGH in principle (best NATIVE stereochemistry representation of any candidate reviewed), but LOW in practical readiness for this project given atom-count scale mismatch and total absence of saponin/glycoside benchmarking",no,none directly (benchmark corpora are far smaller molecules),none directly,unlikely without a major retrain at 2-3x the typical benchmark atom-count scale,unlikely without the same,"would effectively require training a new large-molecule 3D diffusion model - a substantial, GPU-heavy research project in itself, explicitly out of scope for this project's near-term plan","medium for FUTURE_WORK only - correct long-term direction for TRUE stereochemical fidelity, wrong near-term investment given cost/complexity/GPU requirements",NEEDS_LOCAL_VERIFICATION,NEEDS_LOCAL_VERIFICATION,NOT_REPORTED,"HIGH - GPU-heavy 3D diffusion training/sampling, explicitly conflicting with this project's 'no GPU workloads' constraint for the CURRENT phase",very low (entirely different representation/pipeline from current SMILES-based REINVENT4 workflow),very high,high if attempted now; appropriate only as a stated future direction,FUTURE_WORK,WebSearch paraphrase: 'a geometry-complete diffusion model (GCDM) framework has been proposed for geometric and chirality-aware 3D molecule generation using SE(3)-equivariant graph neural networks.',WebSearch synthesis,search_engine_synthesis,https://www.nature.com/articles/s42004-024-01233-z,2026-08-18,low,"This is the explicitly-required 'graph/3D future-work option' (task section 6/F). Represents the theoretically strongest stereochemistry fidelity of any family surveyed, but is disqualified for the CURRENT phase by the project's own no-GPU-training constraint and by total absence of any natural-product/saponin-scale validation in the literature found this session."
C19,TeroKit,Terpenoid database + virtual screening web server (NOT a generative model),TeroKit: A Database-Driven Web Server for Terpenome Research,"2020 (plus later TeroENZ/TeroMAP module extensions, ~2023)","Zeng, T. (or lab PI; WebSearch did not give a definitive first-author name this session, NEEDS_LOCAL_VERIFICATION)",NEEDS_LOCAL_VERIFICATION,https://pubs.acs.org/doi/abs/10.1021/acs.jcim.0c00141 (EGRESS_BLOCKED this session),NOT_FOUND,n/a,NOT_FOUND,academic-use web server (per WebSearch: 'free web server for academic use'),"live web server at http://terokit.qmclab.com/ (URL not independently fetched this session; access mode is a WEB PORTAL/DATABASE QUERY, not a downloadable dataset/model)","NO - this is a curated DATABASE + virtual-screening/conformer-generation TOOLKIT, not a generative model",n/a,n/a (database + cheminformatics toolkit),stored structures (format NOT_REPORTED this session),n/a,n/a,n/a,"n/a (it IS the corpus: >110,000 terpenome molecules across 14,351 species and 1,109 families per WebSearch synthesis)",n/a,n/a,"target-profiling module exists (activity against 1,366 biological targets per WebSearch) but this is SCREENING, not generation",n/a,n/a,n/a,n/a,n/a,n/a,n/a,UNKNOWN - export/download format and stereochemistry completeness of TeroKit records NOT_REPORTED this session and would need direct site inspection,NEEDS_LOCAL_VERIFICATION,NEEDS_LOCAL_VERIFICATION,NEEDS_LOCAL_VERIFICATION,NEEDS_LOCAL_VERIFICATION,n/a,n/a,"n/a (data source, not a model)",n/a (it is itself a natural-product/terpenoid DATA SOURCE),VERY HIGH as a DATA SOURCE - this project's task spec states it 'has a triterpenoid dataset derived from TeroKit',partial - TeroMOL covers terpenoid aglycones broadly; whether glycosylated saponin entries and their sugar/linkage annotations are systematically captured is UNCONFIRMED this session,n/a (not a model),n/a (not a model),"n/a - relevant question is DATA EXTRACTION/LICENSING for downstream training use, not fine-tuning TeroKit itself","n/a (classified separately as a DATA RESOURCE per the task's required category split, not a generator)",n/a,n/a,"academic-use terms stated, but BULK-DOWNLOAD/REDISTRIBUTION rights for building a training corpus were NOT confirmed this session - flag for explicit legal check before large-scale scraping",n/a,HIGH as a DATA SOURCE (already named in project spec as the origin of the existing triterpenoid dataset),n/a,"medium - bulk data extraction from a web server needs explicit terms-of-use verification, not assumed",NOT_RECOMMENDED (as a model candidate; RETAIN as a Tier-3 data source per section 9 of this review - see 06_dataset_and_finetuning_plan.md),"WebSearch paraphrase: 'TeroKit is the first comprehensive database dedicated to terpenome research, collecting over 110,000 terpenome molecules... TeroMOL contains around 180,000 terpenome molecules annotated with reported chemical structures, biological sources and bioactivity.'",WebSearch synthesis,search_engine_synthesis,http://terokit.qmclab.com/,2026-08-18,medium,"Correctly classified under the task's required category (4): 'Models that predict properties or classify molecules but do not generate molecules' - actually broader, it is a database+screening tool, not even a predictive model per se. Included in the candidate table (rather than only the dataset plan) because the task's project context explicitly names it as existing infrastructure."
C20,NPClassifier,Natural-product structural classifier (NOT a generative model),NP-Classifier: A Deep-Learning-Based Structural Classification Tool for Natural Products (title per general knowledge/WebSearch synthesis; NEEDS_LOCAL_VERIFICATION exact title/venue),2021,"Kim, H.W. (typical attribution; NEEDS_LOCAL_VERIFICATION)",NEEDS_LOCAL_VERIFICATION,NEEDS_LOCAL_VERIFICATION,referenced as installed locally per project context ('~/NP-Classifier/'); public repo NOT independently re-verified this session,NEEDS_LOCAL_VERIFICATION,NOT_FOUND,NOT_REPORTED,"ALREADY IN USE in this repository via a hosted API (see references/fcd_npclassifier_api.md: endpoint https://npclassifier.gnps2.org/classify) - directly verified from this repo's own files, not from external search",NO - classification only (pathway/superclass/class + isglycoside flag),n/a (deep neural classifier),"deep neural network classifier (per general knowledge, architecture family NOT independently re-confirmed this session)",SMILES input to the classifier API,NOT_REPORTED,NOT_REPORTED,trained on a curated natural-product structural ontology (per general knowledge; NOT independently re-confirmed this session),NOT_REPORTED,"n/a for this project's use case (used as a frozen classifier/oracle, not fine-tuned)",n/a,n/a,NOT_REPORTED,NOT_REPORTED,n/a,NOT_REPORTED,NOT_REPORTED,"n/a (used as an evaluation oracle, not a generator, so context length is not the relevant constraint)",NOT_REPORTED,NEEDS_LOCAL_VERIFICATION,"n/a to classification output (classifies pathway/superclass/class, not stereochemistry per se)",n/a,"n/a; note the API DOES return an 'isglycoside' boolean per this repo's own reference notes, which is directly useful for a saponin-enrichment metric",NEEDS_LOCAL_VERIFICATION,n/a (not a stereochemistry tool),n/a,"n/a (classification tool, evaluated separately below for its GENERATIVE relevance)",YES - purpose-built natural-product ontology classifier,"HIGH - already used in this repo's own metrics/e1_vs_e4_npc.json to report 'Triterpenoids' superclass and 'Lanostane, Tirucallane and Euphane triterpenoids' etc. class-level results","HIGH - returns an explicit isglycoside flag per this repo's own reference notes, directly usable as a saponin-screening signal (module 2 of the project's stated architecture)","n/a (classifier, not a generator)",n/a,"n/a - recommended role is EVALUATION/SCREENING oracle, not a generator or fine-tuning target",n/a for generation; HIGH for the project's screening module specifically,"HIGH - already integrated and working in this repository (see scripts/compute_npc_quick.py, scripts/compute_fcd_npc.py)","via hosted API, rate-limited (~2 req/sec per this repo's own notes) rather than a downloadable checkpoint",NOT_REPORTED,none (remote API call),COMPLETE - already integrated,none additional,"low; rate-limiting is the main operational constraint for large-scale benchmark runs (per section 10 benchmark plan's 5,000-sample requirement)",NOT_RECOMMENDED (as a generator - it is not one); PRIMARY_CANDIDATE for the screening/evaluation role it already fills in this project,"This repository's own references/fcd_npclassifier_api.md: 'Response: {""superclass_results"": [...], ""class_results"": [...], ""pathway_results"": [...], ""isglycoside"": bool}... Rate limit: ~2 req/sec recommended.'",references/fcd_npclassifier_api.md (this repository),primary_repo_artifact,https://npclassifier.gnps2.org/classify,2026-08-18,high,Correctly belongs to the task's required category (4): predicts/classifies but does not generate. Its 'isglycoside' output is directly recommended for use in the benchmark plan's saponin-enrichment metric (see 07_benchmark_plan.md).
C21,Stereochemistry-aware vs stereo-unaware string generation benchmark (Tom et al.),Methodology / benchmark reference (NOT a reusable pretrained checkpoint),Stereochemistry-aware string-based molecular generation,2025 (PNAS Nexus; ChemRxiv preprint Dec 2024),"Tom, G.",NEEDS_LOCAL_VERIFICATION,https://academic.oup.com/pnasnexus/article/4/11/pgaf329/8286226 (EGRESS_BLOCKED this session); https://chemrxiv.org/doi/full/10.26434/chemrxiv-2024-tkjr1 (EGRESS_BLOCKED this session),NOT_FOUND this session (Aspuru-Guzik group repos typically on GitHub; exact URL not independently confirmed),"n/a (benchmark/methodology paper, not a checkpoint release)",NOT_FOUND,NOT_REPORTED,"PNAS Nexus is an OPEN ACCESS journal per general knowledge, and the ChemRxiv preprint is also open, but both were EGRESS_BLOCKED_THIS_SESSION for full-text read","methodology paper COMPARING generative approaches, not itself a single reusable model","compares genetic-algorithm-based and reinforcement-learning-based string generation, stereochemistry-aware vs conventional",n/a (comparative study),"explicit head-to-head comparison of stereochemistry-AWARE vs stereochemistry-UNAWARE string representations (exact representations compared NOT fully specified in the snippet retrieved this session - likely includes SELFIES-with-stereo vs SMILES/SELFIES-without, NEEDS_LOCAL_VERIFICATION)",n/a,n/a,n/a (introduces NEW stereochemistry-sensitive BENCHMARK TASKS rather than a pretraining corpus),n/a,n/a,n/a,n/a,n/a,n/a,n/a,n/a,n/a,n/a,n/a,CENTRAL TOPIC of the paper,CENTRAL TOPIC,likely covered (NEEDS_LOCAL_VERIFICATION for exact benchmark task list),"NOT CONFIRMED whether carbohydrate/glycoside stereochemistry specifically is one of the benchmark tasks - general-purpose stereochemistry benchmarks in this literature typically focus on simple chiral centers, not multi-stereocenter natural products (INFERENCE, not confirmed)",n/a (this paper argues FOR retaining/modeling it),the paper's own contribution IS a set of stereochemistry-sensitive evaluation benchmarks - directly reusable as methodology for this project's own benchmark plan (section 10),"paper's key finding per WebSearch: 'in scenarios where stereochemistry plays a less critical role, stereochemistry-aware models may face challenges due to the increased complexity of the chemical space they must navigate' - i.e. stereo-awareness has a real MODEL-CAPACITY/SEARCH-DIFFICULTY cost, not just an upside","n/a (methodology reference, rated for RELEVANCE not for reuse)",no,none directly,"none directly (general stereochemistry benchmark, not glycoside-specific per evidence found)",n/a,n/a,n/a,n/a (not a candidate generator; retained as the key METHODOLOGICAL reference for section 7's stereochemistry validation design),NEEDS_LOCAL_VERIFICATION,n/a,NOT_REPORTED,n/a,methodologically compatible - its benchmark DESIGN PRINCIPLE (stereo-aware vs stereo-unaware head-to-head comparison) is directly recommended for this project's own benchmark plan,n/a,n/a,"FUTURE_WORK (as a methodology/benchmark-design reference, not a model to fine-tune)","WebSearch synthesis: 'The results demonstrate that stereochemistry-aware models generally perform on par with or surpass conventional algorithms across various stereochemistry-sensitive tasks. However, in scenarios where stereochemistry plays a less critical role, stereochemistry-aware models may face challenges due to the increased complexity of the chemical space they must navigate.'",WebSearch synthesis,search_engine_synthesis,https://academic.oup.com/pnasnexus/article/4/11/pgaf329/8286226,2026-08-18,medium,"Most directly relevant EVIDENCE found this session for the core question 'does stereochemistry-aware string generation actually work, and at what cost?' Strongly recommended reading once network access allows (PNAS Nexus is open access - the block is a session-specific network policy, not a paywall). Used as the primary citation for the general stereo-vs-no-stereo tradeoff claim in 04_stereochemistry_review.md and 08_model_recommendation.md."
